,#,$,'',(,),",",--s--,.,:,CC,CD,DT,EX,FW,IN,JJ,JJR,JJS,LS,MD,NN,NNP,NNPS,NNS,PDT,POS,PRP,PRP$,RB,RBR,RBS,RP,SYM,TO,UH,VB,VBD,VBG,VBN,VBP,VBZ,WDT,WP,WP$,WRB,``
#,7.039972966503809e-06,7.039972966503809e-06,7.039972966503809e-06,7.039972966503809e-06,7.039972966503809e-06,0.007047012939470312,7.039972966503809e-06,7.039972966503809e-06,7.039972966503809e-06,7.039972966503809e-06,0.9926432282500036,7.039972966503809e-06,7.039972966503809e-06,7.039972966503809e-06,7.039972966503809e-06,7.039972966503809e-06,7.039972966503809e-06,7.039972966503809e-06,7.039972966503809e-06,7.039972966503809e-06,7.039972966503809e-06,7.039972966503809e-06,7.039972966503809e-06,7.039972966503809e-06,7.039972966503809e-06,7.039972966503809e-06,7.039972966503809e-06,7.039972966503809e-06,7.039972966503809e-06,7.039972966503809e-06,7.039972966503809e-06,7.039972966503809e-06,7.039972966503809e-06,7.039972966503809e-06,7.039972966503809e-06,7.039972966503809e-06,7.039972966503809e-06,7.039972966503809e-06,7.039972966503809e-06,7.039972966503809e-06,7.039972966503809e-06,7.039972966503809e-06,7.039972966503809e-06,7.039972966503809e-06,7.039972966503809e-06,7.039972966503809e-06
$,1.3564755293170987e-07,1.3564755293170987e-07,1.3564755293170987e-07,1.3564755293170987e-07,1.3564755293170987e-07,1.3564755293170987e-07,1.3564755293170987e-07,1.3564755293170987e-07,1.3564755293170987e-07,1.3564755293170987e-07,0.9914481000254204,1.3564755293170987e-07,1.3564755293170987e-07,1.3564755293170987e-07,1.3564755293170987e-07,0.008545931482250652,1.3564755293170987e-07,1.3564755293170987e-07,1.3564755293170987e-07,1.3564755293170987e-07,1.3564755293170987e-07,1.3564755293170987e-07,1.3564755293170987e-07,1.3564755293170987e-07,1.3564755293170987e-07,1.3564755293170987e-07,1.3564755293170987e-07,1.3564755293170987e-07,1.3564755293170987e-07,1.3564755293170987e-07,1.3564755293170987e-07,1.3564755293170987e-07,1.3564755293170987e-07,1.3564755293170987e-07,1.3564755293170987e-07,1.3564755293170987e-07,1.3564755293170987e-07,1.3564755293170987e-07,1.3564755293170987e-07,1.3564755293170987e-07,1.3564755293170987e-07,1.3564755293170987e-07,1.3564755293170987e-07,1.3564755293170987e-07,1.3564755293170987e-07,1.3564755293170987e-07
'',1.4452859541618887e-07,0.00014467312401160505,0.0069375171085724816,0.006792988513156293,0.0050586453681620265,0.0010118446965087383,1.4452859541618887e-07,0.002312602055254438,0.008238274467318181,0.036132293382642636,0.002312602055254438,0.0365658791688912,1.4452859541618887e-07,0.00014467312401160505,0.08541654441956303,0.007371102894821048,1.4452859541618887e-07,0.00014467312401160505,1.4452859541618887e-07,0.004480530986497272,0.03497606461931312,0.06156932617589187,0.00014467312401160505,0.016765461596873327,1.4452859541618887e-07,1.4452859541618887e-07,0.0793463434120831,0.0015899590781734937,0.008238274467318181,1.4452859541618887e-07,1.4452859541618887e-07,1.4452859541618887e-07,1.4452859541618887e-07,0.01604281861979238,1.4452859541618887e-07,0.0013009018873411159,0.08859617351871919,0.008816388848982937,0.005203173963578216,0.0024571306506706273,0.12574002254067973,0.008671860253566747,0.0018790162690058715,0.0002892017194277939,0.0031797736277515715,0.002746187841503005
(,7.320397702566385e-07,0.16910191896905374,7.320397702566385e-07,7.320397702566385e-07,7.320397702566385e-07,7.320397702566385e-07,7.320397702566385e-07,7.320397702566385e-07,7.320397702566385e-07,0.02489008422849596,0.03147844216080571,0.07174062952492083,0.0014648115802835336,0.002928891120796811,0.0827212260787704,0.046851277336195124,0.0007327718100268951,7.320397702566385e-07,0.0014648115802835336,0.0007327718100268951,0.06881247044389428,0.32575842980397435,0.002196851350540172,0.015373567215159666,7.320397702566385e-07,7.320397702566385e-07,0.021229885377212772,0.005125010431566726,0.03147844216080571,7.320397702566385e-07,7.320397702566385e-07,7.320397702566385e-07,7.320397702566385e-07,0.005125010431566726,0.003660930891053449,0.014641527444903027,0.0014648115802835336,0.006589089972080003,0.017569686525929582,0.0007327718100268951,0.0007327718100268951,0.007321129742336641,0.004392970661310088,7.320397702566385e-07,0.002928891120796811,0.03074640239054907
),7.267198916315298e-07,0.0007274466115231612,7.267198916315298e-07,0.0007274466115231612,7.267198916315298e-07,0.16351270233698584,7.267198916315298e-07,0.1380775061298823,0.07412615566630766,0.0530512788089933,0.007994645527838459,0.02470920303536364,7.267198916315298e-07,0.0007274466115231612,0.11264230992277874,0.013808404660890698,0.0007274466115231612,7.267198916315298e-07,7.267198916315298e-07,0.022529043360469053,0.048690959459204125,0.035610001409836584,7.267198916315298e-07,0.023982483143732112,7.267198916315298e-07,7.267198916315298e-07,0.006541205744575398,0.0007274466115231612,0.013808404660890698,7.267198916315298e-07,7.267198916315298e-07,7.267198916315298e-07,7.267198916315298e-07,0.020348883685574463,7.267198916315298e-07,0.007267925636206929,0.03052296216841588,0.00436104606968081,0.007267925636206929,0.021802323468837523,0.04941767935083566,0.00436104606968081,0.0029076062864177507,7.267198916315298e-07,7.267198916315298e-07,0.0007274466115231612
",",2.0522483550511146e-08,0.0015597292723223976,0.05738088452971272,0.0003078577757412177,2.0522483550511146e-08,2.0522483550511146e-08,2.0522483550511146e-08,2.0522483550511146e-08,0.00010263294023610625,0.0926795562365919,0.020994521194656453,0.13312937131464936,0.0025242859991964216,0.00036942522639275117,0.0860507940497768,0.04164013964647067,0.0016828641736254645,0.0009440547658070632,2.0522483550511146e-08,0.010281784781289634,0.04933607097791235,0.1271368061179001,0.0011492796013121748,0.026556114236844973,0.0002668128086401954,2.0522483550511146e-08,0.042809921208849806,0.0043097420680908915,0.053851017359024804,0.0007593524138524629,0.00036942522639275117,0.00010263294023610625,2.0522483550511146e-08,0.00946088543926919,0.0003899477099432623,0.003796679979328113,0.05243496599403953,0.044882692047451433,0.02037884668814112,0.00859894113014772,0.032015094861280936,0.03577070935102448,0.012375078103441772,0.0021138363281861987,0.008291103876890053,0.01307284254415915
--s--,2.513051928088253e-05,0.0007029766936903015,0.0004017117272861153,0.0036152047022641014,2.513051928088253e-05,2.5105413867015518e-08,2.5105413867015518e-08,2.5105413867015518e-08,0.0025607773198494496,0.05696420916967208,0.011046407206900694,0.21711164422736406,0.004217734635072474,0.00017576300248297563,0.12678236513384222,0.041951171677196794,0.001506349937434798,0.002510566492115419,0.0007029766936903015,0.000677871279823286,0.040118476464904664,0.20174713094075056,0.001983352800908093,0.041900960849462765,0.000728082107557317,2.5105413867015518e-08,0.06095596997452755,0.008033757542858832,0.05681357668646999,0.0021088798702431706,0.0005523442104882084,2.5105413867015518e-08,0.0011548741432965807,0.0034645722190620085,0.0005774496243552239,0.0028871477001206516,0.0008285037630253791,0.012100834589315346,0.005774270294827436,0.0003515008995520842,0.0014059282819667358,0.000778292935291348,0.0030879910110567757,2.513051928088253e-05,0.006251273158300731,0.07539158294806148
.,2.533053434306247e-08,2.533053434306247e-08,0.059324136761986654,0.0013425436507166538,0.005395429145606649,7.601693356353046e-05,2.533053434306247e-08,0.00017733907093578035,0.0002026696052788428,2.535586487740553e-05,0.00012667800224965543,0.00010134746790659295,2.533053434306247e-08,2.535586487740553e-05,7.601693356353046e-05,0.00010134746790659295,2.533053434306247e-08,2.533053434306247e-08,2.533053434306247e-08,2.535586487740553e-05,0.00032932227699415515,0.0015198573911180911,0.00012667800224965543,0.00010134746790659295,2.533053434306247e-08,2.533053434306247e-08,2.535586487740553e-05,2.533053434306247e-08,7.601693356353046e-05,2.533053434306247e-08,2.533053434306247e-08,2.533053434306247e-08,2.533053434306247e-08,2.535586487740553e-05,5.0686399220468e-05,0.00017733907093578035,2.533053434306247e-08,2.533053434306247e-08,2.535586487740553e-05,2.535586487740553e-05,2.535586487740553e-05,2.533053434306247e-08,5.0686399220468e-05,2.533053434306247e-08,2.535586487740553e-05,0.00045597494870946753
:,0.00041931699736339503,0.02703263966860336,0.0012575318846465436,0.0006288707191841822,2.0955372182078715e-07,0.0006288707191841822,2.0955372182078715e-07,0.018860044517592663,0.0016766393282881178,0.06726695425819448,0.11797895493882497,0.11462609538969237,0.0014670856064673307,0.0002097632755426079,0.07460133452192204,0.03520523481961406,0.0029339616592128407,0.0010479781628257565,0.0010479781628257565,0.009220573313836454,0.0393963092560298,0.09283250832033052,0.0010479781628257565,0.029547284330452808,0.0002097632755426079,2.0955372182078715e-07,0.04023452414331295,0.007753697261090944,0.055112838392588834,0.0006288707191841822,0.0008384244410049694,2.0955372182078715e-07,0.0002097632755426079,0.010897003088402751,0.0002097632755426079,0.009639680757478028,0.017183614743026366,0.02221290406672526,0.012782986584789836,0.011316110532044326,0.0182313833521303,0.012573432862969048,0.005239052599241499,0.0002097632755426079,0.006496374930166222,0.06642873937091133
CC,0.00016707697475504914,0.019710197241029227,4.1758803987765344e-08,0.0003758709946938758,4.18005627917531e-05,0.007683661692552811,4.1758803987765344e-08,4.1758803987765344e-08,0.00029235338671834514,0.0002088357787428145,0.0437215095339943,0.11237298328988053,0.00329898727383745,0.00012531817076728377,0.05123809425179206,0.11036856069846779,0.010397983951757558,0.0019627055462289587,4.1758803987765344e-08,0.010230948735806496,0.11926318594786181,0.1596439494040309,0.003674816509727338,0.07157463179383378,0.0005846650146327025,4.1758803987765344e-08,0.03758296534779279,0.017496980629677666,0.051822717507620776,0.002714364018008735,0.0009187354465348253,0.00012531817076728377,4.1758803987765344e-08,0.007474867672613984,8.355936677951844e-05,0.032196079633371066,0.03808407099564598,0.02129703179256431,0.014323311526607499,0.012402406543170293,0.023050901560050456,0.0010440118584981214,0.0021297407621800202,0.0002505945827305798,0.004134163353592756,0.005929791925066667
CD,2.734627931719403e-08,0.00010941246354809333,0.0003828752567200336,0.001668150384628153,0.008614105331195436,0.09751685939139323,2.734627931719403e-08,0.0720301270677684,0.007028021130798183,0.016653911450450483,0.20154210591399935,0.02885035202591902,2.734627931719403e-08,5.471990491370526e-05,0.08999663257916488,0.03623384744156141,0.002242422250289228,0.0008477620051123322,2.734627931719403e-08,0.0020509982950688696,0.2017335298692197,0.013098895139215258,0.0010391859603326903,0.15688563178902148,2.734627931719403e-08,0.000683684329209168,0.000683684329209168,8.206618423089929e-05,0.004266046919761586,0.00016410502218248139,0.00024614386013406347,2.734627931719403e-08,5.471990491370526e-05,0.03749177629015234,2.734627931719403e-08,2.7373625596511223e-05,0.006207632751282362,0.001613457825993765,0.003172195747073825,0.0010665322396498844,0.0026526164400471385,0.0007110306085263621,0.0001914513014996754,2.734627931719403e-08,0.0007383768878435561,0.0007383768878435561
DT,0.00015885477740866839,0.009249536601272161,3.666819375458917e-05,0.000525414528370906,2.444953538918125e-05,0.0023337759664512786,1.2218658365407923e-08,0.0016006564645268033,0.00040322794471682683,0.0007331317205828407,0.022922215312163628,0.0015762191477959875,1.2218658365407923e-08,0.0002566040443319318,0.009664970985696032,0.2181030640411898,0.005681688358573049,0.009310629893099201,1.2218658365407923e-08,0.0022115893827971992,0.4749759188571605,0.11050555847540762,0.00508297409866806,0.073165338510721,1.2230877023773329e-05,3.666819375458917e-05,0.0004887585532746823,0.0007209130622174328,0.010312559879062651,0.0017228430481808824,0.0027858663259713715,7.332416885081295e-05,1.2218658365407923e-08,0.0003054786777935635,2.444953538918125e-05,0.0002566040443319318,0.0021993707244317914,0.00767332967213454,0.008418667832424424,0.0017717176816425143,0.00802767076473137,0.00019551075250489217,0.0008064436707752883,1.2218658365407923e-08,1.2230877023773329e-05,0.005547283116553562
EX,1.1586867907388482e-06,1.1586867907388482e-06,1.1586867907388482e-06,1.1586867907388482e-06,1.1586867907388482e-06,0.004635905849746132,1.1586867907388482e-06,1.1586867907388482e-06,1.1586867907388482e-06,1.1586867907388482e-06,1.1586867907388482e-06,0.002318532268268435,1.1586867907388482e-06,1.1586867907388482e-06,1.1586867907388482e-06,1.1586867907388482e-06,1.1586867907388482e-06,1.1586867907388482e-06,1.1586867907388482e-06,0.08458529441072667,1.1586867907388482e-06,1.1586867907388482e-06,1.1586867907388482e-06,1.1586867907388482e-06,1.1586867907388482e-06,0.012746713384918068,0.001159845477529587,1.1586867907388482e-06,0.02433358129230655,1.1586867907388482e-06,1.1586867907388482e-06,1.1586867907388482e-06,1.1586867907388482e-06,0.001159845477529587,1.1586867907388482e-06,0.002318532268268435,0.16569336976244603,1.1586867907388482e-06,1.1586867907388482e-06,0.24216669795121,0.4565237542378969,1.1586867907388482e-06,0.002318532268268435,1.1586867907388482e-06,1.1586867907388482e-06,1.1586867907388482e-06
FW,4.272664348034148e-06,0.008549601360416327,0.0512762448407578,0.017094930056484624,0.004276937012382181,0.08973022397306513,4.272664348034148e-06,0.10254821701716757,0.012822265708450475,0.012822265708450475,4.272664348034148e-06,0.008549601360416327,4.272664348034148e-06,0.23927347615426028,0.029912923100587067,0.029912923100587067,4.272664348034148e-06,4.272664348034148e-06,4.272664348034148e-06,0.008549601360416327,0.07263956658092854,0.20936482571802123,4.272664348034148e-06,0.03418558744862121,4.272664348034148e-06,0.008549601360416327,4.272664348034148e-06,4.272664348034148e-06,4.272664348034148e-06,4.272664348034148e-06,4.272664348034148e-06,4.272664348034148e-06,4.272664348034148e-06,0.017094930056484624,4.272664348034148e-06,4.272664348034148e-06,4.272664348034148e-06,4.272664348034148e-06,0.004276937012382181,0.004276937012382181,0.029912923100587067,4.272664348034148e-06,4.272664348034148e-06,4.272664348034148e-06,4.272664348034148e-06,0.004276937012382181
IN,0.0005986664413554365,0.028004948675572388,0.00010147731529966816,0.00034499851989841187,8.118388158310618e-05,0.0024859557769957006,1.0146716858280988e-08,0.0018872994823571222,0.00026382478503216396,0.0012886431877185437,0.0593278636170858,0.32838835454812276,0.0015828979766086926,0.00020294448388247805,0.020415204465578207,0.09016373614940172,0.004789260503825484,0.004697940052100956,1.0156863575139267e-05,0.00011162403215794914,0.10891486890350499,0.14969452395693628,0.0017046585789080642,0.05905390226191221,0.0014712840911676017,2.0303580433420256e-05,0.0301864928001028,0.03621364261392171,0.014073506429152588,0.0007001336099382465,0.00019279776702419706,1.0156863575139267e-05,2.0303580433420256e-05,0.002191700988105552,1.0156863575139267e-05,0.0004566124053395027,0.0006189598750719986,0.03111999075106465,0.004322511528344559,0.00026382478503216396,0.0006189598750719986,0.0036426814988397326,0.0023134615904049235,2.0303580433420256e-05,0.0016234848440418164,0.005540117551338278
JJ,8.169293239010585e-05,0.002793355955137071,0.004541235132449873,0.0006534291118849478,0.0005554171954001177,0.029076884892485663,1.6335319414138343e-08,0.02438864822062796,0.003038385746349146,0.017250113636649505,0.015583911056407393,0.003381427454046051,6.535761297596752e-05,0.00013069889063252086,0.05562177894046048,0.07466876137734578,0.0006860997507132245,0.00035939336243045767,1.6335319414138343e-08,0.0004247346400870111,0.4500380661948308,0.03717920332189829,0.0017642308320463553,0.23210856989081113,1.635165473355248e-05,0.00019604016828907425,0.001372183166107035,0.0002940520847739043,0.0036427925646722644,0.00016336952946079757,9.80282518042442e-05,9.80282518042442e-05,1.6335319414138343e-08,0.027884406575253564,1.635165473355248e-05,0.00011436357121838255,0.0013068418884504816,0.0031037270240056995,0.0019112487067736003,0.000849452944854608,0.001372183166107035,0.0001470342100466592,0.00026138144594562763,1.6335319414138343e-08,0.0007024350701273629,0.001992925303844292
JJR,3.088282254174277e-07,0.0009267935044777005,0.0015444499553125559,0.00030913705364284507,0.0006179652790602728,0.039839149907073594,3.088282254174277e-07,0.047559855542509286,0.0037062475332345496,0.020074143480358218,0.0024709346315648388,0.006176873336573971,3.088282254174277e-07,3.088282254174277e-07,0.32056400681151537,0.04539805796458729,3.088282254174277e-07,3.088282254174277e-07,3.088282254174277e-07,0.0012356217298951282,0.2788721963801626,0.017294689451601366,0.0006179652790602728,0.1683116916807235,0.00030913705364284507,3.088282254174277e-07,0.0021621064061474113,0.0006179652790602728,0.00494156043490426,3.088282254174277e-07,3.088282254174277e-07,0.0015444499553125559,3.088282254174277e-07,0.024397738636202208,3.088282254174277e-07,3.088282254174277e-07,0.0021621064061474113,0.0012356217298951282,0.0021621064061474113,0.0015444499553125559,0.0012356217298951282,3.088282254174277e-07,3.088282254174277e-07,3.088282254174277e-07,0.0006179652790602728,0.0012356217298951282
JJS,5.135985487759406e-07,0.010786083122843529,0.0020549077936525386,0.0005141121473247165,5.135985487759406e-07,0.025680441037345802,5.135985487759406e-07,0.011299681671619469,0.004622900537532241,0.008731688927739767,0.07395870462228422,0.019517258452034517,0.0015413092448765976,5.135985487759406e-07,0.15408007823133094,0.10374742045128878,5.135985487759406e-07,5.135985487759406e-07,5.135985487759406e-07,0.001027710696100657,0.3574651035466034,0.011299681671619469,0.0015413092448765976,0.15151208548745124,0.0015413092448765976,5.135985487759406e-07,0.005136499086308181,0.0005141121473247165,0.014381272964275112,5.135985487759406e-07,5.135985487759406e-07,5.135985487759406e-07,5.135985487759406e-07,0.00359570343998036,5.135985487759406e-07,0.0020549077936525386,0.002568506342428479,0.005136499086308181,0.004622900537532241,0.014381272964275112,0.0030821048912044193,5.135985487759406e-07,5.135985487759406e-07,5.135985487759406e-07,0.0020549077936525386,0.0015413092448765976
LS,2.7742329245963494e-05,2.7742329245963494e-05,2.7742329245963494e-05,2.7742329245963494e-05,0.30519336403484437,0.22196637629695387,2.7742329245963494e-05,0.33293569328080785,0.13873938855906343,2.7742329245963494e-05,2.7742329245963494e-05,2.7742329245963494e-05,2.7742329245963494e-05,2.7742329245963494e-05,2.7742329245963494e-05,2.7742329245963494e-05,2.7742329245963494e-05,2.7742329245963494e-05,2.7742329245963494e-05,2.7742329245963494e-05,2.7742329245963494e-05,2.7742329245963494e-05,2.7742329245963494e-05,2.7742329245963494e-05,2.7742329245963494e-05,2.7742329245963494e-05,2.7742329245963494e-05,2.7742329245963494e-05,2.7742329245963494e-05,2.7742329245963494e-05,2.7742329245963494e-05,2.7742329245963494e-05,2.7742329245963494e-05,2.7742329245963494e-05,2.7742329245963494e-05,2.7742329245963494e-05,2.7742329245963494e-05,2.7742329245963494e-05,2.7742329245963494e-05,2.7742329245963494e-05,2.7742329245963494e-05,2.7742329245963494e-05,2.7742329245963494e-05,2.7742329245963494e-05,2.7742329245963494e-05,2.7742329245963494e-05
MD,1.0200911022961639e-07,1.0200911022961639e-07,0.00020412022956946236,0.00020412022956946236,0.00020412022956946236,0.00336640264668757,1.0200911022961639e-07,0.0021422933239321736,0.0007141657807175443,0.0010201931114063934,0.00020412022956946236,0.003876448197835652,1.0200911022961639e-07,1.0200911022961639e-07,0.001938275103472941,0.0003061293397990788,0.00010211111933984599,1.0200911022961639e-07,1.0200911022961639e-07,0.00020412022956946236,0.000612156670487928,0.0007141657807175443,1.0200911022961639e-07,0.0004081384500286952,1.0200911022961639e-07,1.0200911022961639e-07,0.005406584851279898,0.00020412022956946236,0.1698452705414215,0.0012242113318656261,0.00020412022956946236,1.0200911022961639e-07,1.0200911022961639e-07,0.0032643935364579536,1.0200911022961639e-07,0.7975073257842511,0.000612156670487928,1.0200911022961639e-07,0.0005101475602583116,0.0003061293397990788,0.00010211111933984599,1.0200911022961639e-07,1.0200911022961639e-07,1.0200911022961639e-07,1.0200911022961639e-07,0.004590511969442966
NN,1.505246404322905e-05,0.0002557715292023143,0.0051604224818186765,0.0015947713291497262,0.001752743215660376,0.11470264207077492,7.522470786221415e-09,0.10902317662717775,0.011261146289444244,0.04038815317369356,0.005980371797516811,0.006777753700856281,0.00012036705505032887,5.266481797433613e-05,0.247376459327362,0.008786253400777398,0.0010757208449004487,4.514234718811471e-05,7.522470786221415e-09,0.01765524645773245,0.1221724555614928,0.00974912966141374,9.02771719054432e-05,0.07779740039357266,1.505246404322905e-05,0.021837740214871556,0.004347995636906764,0.0002708164707747571,0.018287134003775046,0.0026178273560758386,8.275470111922179e-05,0.0005566703606511709,3.0097405615671886e-05,0.03953811397485055,7.522470786221415e-09,0.0013991870887079694,0.04746679818352792,0.007612747958126858,0.010727050863622524,0.003896647389733479,0.04372060773198965,0.007815854669354836,0.002482422881923853,0.0001805468213401002,0.0023996757032754175,0.0023846307617029746
NNP,1.0933018794755816e-08,0.00026240338409293435,0.002372476011480807,0.003422045815777365,0.003531376003724923,0.1387181534008806,1.0933018794755816e-08,0.05452297566246605,0.0068659467361254466,0.04140335310875907,0.019154659861430983,0.0024052750678650744,2.1876970608306386e-05,0.0004919967787828064,0.040550577642768114,0.008221641066675167,9.84081021715971e-05,1.0933018794755816e-08,1.0933018794755816e-08,0.01119542217884875,0.05832766620304107,0.37680650369427793,0.016694730632610923,0.024249446619787195,1.094395181355057e-05,0.05569280867350492,0.0007981213050359693,0.00012027413976110873,0.009282143889766482,0.00033893451565622507,1.094395181355057e-05,4.374300819781802e-05,1.094395181355057e-05,0.00764219107055311,1.0933018794755816e-08,0.0010495807373153531,0.06574025294588552,0.0018039590341535044,0.0008418533802149926,0.0041108259998469815,0.038615433316096334,0.0009730496057520624,0.0005903939479356087,1.0933018794755816e-08,0.0005357288539618297,0.001115178850083888
NNPS,3.7410504720083383e-07,3.7410504720083383e-07,0.003741424577055539,0.002619109435453038,0.002245004388252204,0.12981482548373652,3.7410504720083383e-07,0.0740731734508123,0.01945383655949056,0.07856243401722231,0.0011226892466497022,0.0029932144826538714,0.00037447915224803464,3.7410504720083383e-07,0.06509465231799229,0.005986054860260543,0.00037447915224803464,3.7410504720083383e-07,3.7410504720083383e-07,0.023194887031498898,0.03815908891953226,0.27721221408086505,0.015712786087482222,0.011223525521072216,3.7410504720083383e-07,0.024691307220302234,0.0014967942938505362,0.00037447915224803464,0.014964575993080553,0.00037447915224803464,3.7410504720083383e-07,3.7410504720083383e-07,3.7410504720083383e-07,0.013468155804277218,3.7410504720083383e-07,0.0007485841994488685,0.08417400972523481,0.004115529624256373,0.002619109435453038,0.054993816043569774,0.026561832456306403,0.00037447915224803464,0.00972710533226888,0.00037447915224803464,3.7410504720083383e-07,0.0011226892466497022
NNS,1.6706750058298206e-08,0.000300738207799426,0.003875982720275242,0.004293651471732696,0.0016372782124632823,0.12439847764083849,1.6706750058298206e-08,0.1352912786788489,0.01876169702221894,0.059960542665982317,0.0016205714624049842,0.016940661265864437,8.355045704154933e-05,1.6706750058298206e-08,0.2348468022762479,0.01679030051533975,0.0010692487104811434,3.34302068666547e-05,1.6706750058298206e-08,0.028000529804457847,0.02081662727938962,0.00305735196741863,3.34302068666547e-05,0.010525269243477926,5.013695692495291e-05,0.009138608988639175,0.004577666222723766,0.00021720445750793494,0.03140870681635068,0.0019881199636875447,0.00011696395715814574,0.0006849934591402847,1.67234568083565e-05,0.03982890884573298,1.6706750058298206e-08,0.003909396220391838,0.07230683095906469,0.014367821756886513,0.02111734878043899,0.08480348000267174,0.008119497235082984,0.012262771249540939,0.00695002473100211,0.00043439220826581163,0.0021217739641539303,0.002255427964620316
PDT,2.702366732784573e-06,2.702366732784573e-06,2.702366732784573e-06,2.702366732784573e-06,2.702366732784573e-06,2.702366732784573e-06,2.702366732784573e-06,2.702366732784573e-06,2.702366732784573e-06,2.702366732784573e-06,2.702366732784573e-06,0.9269144917118411,2.702366732784573e-06,2.702366732784573e-06,2.702366732784573e-06,0.002705069099517357,2.702366732784573e-06,2.702366732784573e-06,2.702366732784573e-06,2.702366732784573e-06,2.702366732784573e-06,2.702366732784573e-06,2.702366732784573e-06,2.702366732784573e-06,2.702366732784573e-06,2.702366732784573e-06,2.702366732784573e-06,0.07026423741913168,2.702366732784573e-06,2.702366732784573e-06,2.702366732784573e-06,2.702366732784573e-06,2.702366732784573e-06,2.702366732784573e-06,2.702366732784573e-06,2.702366732784573e-06,2.702366732784573e-06,2.702366732784573e-06,2.702366732784573e-06,2.702366732784573e-06,2.702366732784573e-06,2.702366732784573e-06,2.702366732784573e-06,2.702366732784573e-06,2.702366732784573e-06,2.702366732784573e-06
POS,0.0005747584830605424,0.00999891277439517,0.0002299723504507389,0.0002299723504507389,0.0009195446156703458,0.0059764078939474625,1.1492871086993448e-07,0.004827120785248118,0.0002299723504507389,0.006895837580906939,0.026203861007055934,0.0002299723504507389,1.1492871086993448e-07,0.0002299723504507389,0.0027584039895892976,0.20721658062720275,0.0021837604352396255,0.02585907487444613,1.1492871086993448e-07,0.0011494020374102148,0.4156972621452639,0.10401059826600158,0.0037927623874187077,0.12963970078999695,1.1492871086993448e-07,1.1492871086993448e-07,0.0001150436395808044,0.0002299723504507389,0.005516693050467725,0.00034490106132067336,0.0020688317243696907,1.1492871086993448e-07,1.1492871086993448e-07,0.0002299723504507389,1.1492871086993448e-07,0.00034490106132067336,0.006321194026557266,0.011837772148314123,0.007355552424386677,0.0005747584830605424,0.00436740594176838,1.1492871086993448e-07,1.1492871086993448e-07,1.1492871086993448e-07,0.0001150436395808044,0.011722843437444189
PRP,5.735245249983856e-08,0.00028681961495169266,0.0005162294249510468,0.0009176965924499169,0.0005162294249510468,0.021105759872393087,5.735245249983856e-08,0.031199791512364673,0.003326499597443136,0.00797204824993006,0.0009750490449497554,0.01192936747241892,0.00011476225745217695,5.740980495233839e-05,0.034755643567354666,0.008029400702429898,0.0013191637599487868,0.00011476225745217695,5.735245249983856e-08,0.12307842041710605,0.0028676799774444276,0.0008029916874502396,5.740980495233839e-05,0.0010897539499494324,0.00011476225745217695,0.001032401497449594,0.0016059260224479796,0.00011476225745217695,0.05379665779730106,0.001548573569948141,0.0002294671624518541,0.004530901099939746,5.735245249983856e-08,0.01623080140990681,5.735245249983856e-08,0.013363178784914885,0.24707442272175703,0.002580917714945235,0.002466212809945558,0.17641620124195592,0.22224081078932692,0.00028681961495169266,0.000630934329950724,5.735245249983856e-08,0.0012044588549491096,0.0034985569549426518
PRP$,1.18947844462847e-07,0.0071369896156152825,1.18947844462847e-07,0.0009517017035472387,0.0003569624812330038,0.00023801463677015683,1.18947844462847e-07,0.00011906679230730982,0.00011906679230730982,0.0005948581701586979,0.019745461128677064,1.18947844462847e-07,1.18947844462847e-07,0.0003569624812330038,1.18947844462847e-07,0.24063160829618394,0.0029738150594156377,0.010229633571649304,1.18947844462847e-07,1.18947844462847e-07,0.4453408486167436,0.048530839488686035,0.0005948581701586979,0.19483668817798783,1.18947844462847e-07,1.18947844462847e-07,1.18947844462847e-07,1.18947844462847e-07,0.005471719793135424,0.00011906679230730982,0.002022232303712862,1.18947844462847e-07,1.18947844462847e-07,1.18947844462847e-07,1.18947844462847e-07,1.18947844462847e-07,0.0003569624812330038,0.007850676682392366,0.0064233025488382,1.18947844462847e-07,0.00011906679230730982,1.18947844462847e-07,1.18947844462847e-07,1.18947844462847e-07,1.18947844462847e-07,0.004876980570821189
RB,0.00035521419632376396,0.012269952714955606,0.0016144955031710318,0.0005489497819925744,0.0004197927248800341,0.09660951100944443,3.228926427813508e-08,0.050112970448929914,0.0043267937025343785,0.009267051137089043,0.03907004206580772,0.047206936663897754,0.000807263896217655,6.461081782054828e-05,0.12812383294490426,0.10332567797929652,0.012722002414849496,0.0007103961033832498,3.228926427813508e-08,0.010655489501048852,0.011559588900836634,0.006909934844785184,0.0002906356677674938,0.0043267937025343785,0.0006458175748269797,0.0001937678749330886,0.009428497458479719,0.002421727110124409,0.07307063735068396,0.0074265630732353455,0.0001937678749330886,0.00035521419632376396,3.228926427813508e-08,0.027607353247069765,3.228926427813508e-08,0.1028413390151245,0.05385852510519358,0.029899891010817355,0.07849523374941066,0.025831443711772338,0.03948980250142348,0.0001937678749330886,0.0011624458032771408,3.228926427813508e-08,0.0034872728313028664,0.0016467847674491668
RBR,5.655961439917287e-07,5.655961439917287e-07,5.655961439917287e-07,5.655961439917287e-07,0.0005661617401357203,0.06165054529124242,5.655961439917287e-07,0.12952208257024986,0.005656527036061279,0.02205881521182141,0.0005661617401357203,0.09162714092280405,5.655961439917287e-07,5.655961439917287e-07,0.23189498463275274,0.304291291063694,0.0005661617401357203,5.655961439917287e-07,5.655961439917287e-07,0.0016973540281191779,0.004525334748077821,5.655961439917287e-07,5.655961439917287e-07,0.0005661617401357203,5.655961439917287e-07,5.655961439917287e-07,0.003959738604086093,5.655961439917287e-07,0.07465925660305218,0.0005661617401357203,5.655961439917287e-07,0.0005661617401357203,5.655961439917287e-07,0.016968449915895852,5.655961439917287e-07,0.012443680763962024,0.005656527036061279,0.00509093089206955,0.018665238347871038,0.0005661617401357203,0.002262950172110907,5.655961439917287e-07,5.655961439917287e-07,5.655961439917287e-07,0.0005661617401357203,0.0028285463161026353
RBS,2.2170687690390783e-06,2.2170687690390783e-06,2.2170687690390783e-06,0.002219285837808117,2.2170687690390783e-06,0.008870492144925352,2.2170687690390783e-06,0.006653423375886273,0.004436354606847195,2.2170687690390783e-06,2.2170687690390783e-06,0.002219285837808117,2.2170687690390783e-06,2.2170687690390783e-06,0.04212652368051153,0.7338519796207038,2.2170687690390783e-06,2.2170687690390783e-06,2.2170687690390783e-06,0.002219285837808117,0.002219285837808117,2.2170687690390783e-06,2.2170687690390783e-06,0.004436354606847195,2.2170687690390783e-06,2.2170687690390783e-06,0.002219285837808117,2.2170687690390783e-06,0.11307272428976202,2.2170687690390783e-06,2.2170687690390783e-06,2.2170687690390783e-06,2.2170687690390783e-06,0.008870492144925352,2.2170687690390783e-06,0.004436354606847195,0.002219285837808117,2.2170687690390783e-06,0.055428936294746,0.002219285837808117,0.002219285837808117,2.2170687690390783e-06,2.2170687690390783e-06,2.2170687690390783e-06,2.2170687690390783e-06,2.2170687690390783e-06
RP,0.0007516774691346431,0.009015997469615478,0.00563513928760059,0.0003760265600218779,0.0003760265600218779,0.042073277471538814,3.756509091127652e-07,0.06235842656362813,0.003005582923811234,0.010518601106066538,0.019909873833885667,0.214497044754298,3.756509091127652e-07,3.756509091127652e-07,0.24755432475622136,0.05071324838113241,0.00488383746937506,0.002629932014698469,3.756509091127652e-07,0.0003760265600218779,0.04958629565379412,0.02516898656146438,3.756509091127652e-07,0.04770804110823029,0.0011273283782474081,3.756509091127652e-07,0.0007516774691346431,0.052967153835809,0.05184020110847071,0.004508186560262295,3.756509091127652e-07,0.0007516774691346431,3.756509091127652e-07,0.051088899290245175,3.756509091127652e-07,3.756509091127652e-07,0.0011273283782474081,0.019158572015660135,0.0022542811055857037,0.0007516774691346431,0.0003760265600218779,3.756509091127652e-07,0.00563513928760059,3.756509091127652e-07,0.00488383746937506,0.005259488378487825
SYM,1.7227715949419426e-05,1.7227715949419426e-05,1.7227715949419426e-05,1.7227715949419426e-05,1.7227715949419426e-05,1.7227715949419426e-05,1.7227715949419426e-05,1.7227715949419426e-05,0.5685318540467904,1.7227715949419426e-05,0.06892809151362712,1.7227715949419426e-05,1.7227715949419426e-05,0.03447265961478827,0.03447265961478827,0.017244943665368842,1.7227715949419426e-05,1.7227715949419426e-05,1.7227715949419426e-05,1.7227715949419426e-05,0.051700375564207694,0.03447265961478827,1.7227715949419426e-05,1.7227715949419426e-05,1.7227715949419426e-05,1.7227715949419426e-05,1.7227715949419426e-05,1.7227715949419426e-05,0.03447265961478827,1.7227715949419426e-05,1.7227715949419426e-05,1.7227715949419426e-05,1.7227715949419426e-05,1.7227715949419426e-05,1.7227715949419426e-05,1.7227715949419426e-05,1.7227715949419426e-05,1.7227715949419426e-05,0.017244943665368842,1.7227715949419426e-05,0.051700375564207694,1.7227715949419426e-05,1.7227715949419426e-05,1.7227715949419426e-05,1.7227715949419426e-05,1.7227715949419426e-05
TO,0.0013419035770646983,0.0460705318582786,0.0001342306134719229,0.00022368787003435072,4.477335690949511e-05,0.0007157027811277037,4.4728628281213896e-08,0.0007604314094089176,8.950198519070901e-05,0.0004473310114404202,0.07970646032575145,0.11226890171447518,4.4728628281213896e-08,8.950198519070901e-05,0.0036230636194066073,0.030907526870947083,0.0030415914517508266,0.00022368787003435072,4.4728628281213896e-08,4.4728628281213896e-08,0.03283085788703928,0.04508650203609189,0.0004473310114404202,0.02339311731970315,0.0003131451265967785,4.4728628281213896e-08,0.004964922467843024,0.013329175956430022,0.00894577038487106,0.0008946172942525593,4.477335690949511e-05,4.4728628281213896e-08,4.4728628281213896e-08,8.950198519070901e-05,4.477335690949511e-05,0.5748076467705081,0.0001342306134719229,0.007246082510184933,0.0013419035770646983,4.477335690949511e-05,8.950198519070901e-05,0.0007604314094089176,0.0011629890639398427,4.4728628281213896e-08,0.00026841649831556465,0.003757249504250249
UH,1.0304391731756074e-05,1.0304391731756074e-05,0.0618366547822682,1.0304391731756074e-05,0.030923479586999977,0.4843167157842672,1.0304391731756074e-05,0.21640253075860932,0.041227871318756056,1.0304391731756074e-05,1.0304391731756074e-05,1.0304391731756074e-05,1.0304391731756074e-05,1.0304391731756074e-05,0.01031469612348783,1.0304391731756074e-05,1.0304391731756074e-05,1.0304391731756074e-05,1.0304391731756074e-05,1.0304391731756074e-05,0.0206190878552439,1.0304391731756074e-05,1.0304391731756074e-05,1.0304391731756074e-05,1.0304391731756074e-05,1.0304391731756074e-05,0.01031469612348783,0.01031469612348783,1.0304391731756074e-05,1.0304391731756074e-05,1.0304391731756074e-05,1.0304391731756074e-05,1.0304391731756074e-05,0.0618366547822682,0.030923479586999977,0.0206190878552439,1.0304391731756074e-05,1.0304391731756074e-05,1.0304391731756074e-05,1.0304391731756074e-05,1.0304391731756074e-05,1.0304391731756074e-05,1.0304391731756074e-05,1.0304391731756074e-05,1.0304391731756074e-05,1.0304391731756074e-05
VB,0.00011351065808721266,0.008586148915846505,0.0023829673342727373,0.0011347661623706989,0.0004539291595150413,0.01694531433979652,3.782427793642541e-08,0.0242075757035902,0.002420791612209163,0.009304810196638588,0.020462972187884083,0.2212720637523666,0.0005295777153878921,7.568638015078724e-05,0.11169513057054217,0.08465077184599801,0.011044726981714156,0.0007186991050700193,3.782427793642541e-08,0.0004917534374514667,0.06161578658271493,0.03128071567770175,0.0004539291595150413,0.05072239453702441,0.0015130089417349528,0.00018915921396006348,0.03721912731372054,0.04383837595259499,0.049852436144486624,0.004652424010458262,0.0002269834918964889,0.03252891684960379,3.782427793642541e-08,0.04338448461735788,0.00011351065808721266,0.00491719395601324,0.0012860632741164002,0.017550502786779325,0.08457512329012516,0.0003782806036421905,0.0015130089417349528,0.0007186991050700193,0.0037824656179204774,3.786210221436183e-05,0.005333261013313919,0.005673679514741748
VBD,0.00010040467668322368,0.01589214322865976,0.0003680612623099446,0.00020077589629324404,0.00010040467668322368,0.02311887104058122,3.345707320334012e-08,0.04516708228158236,0.0031449983381871744,0.003044627118577154,0.06621158132648329,0.16915899557316083,0.0012044880923934474,3.349053027654345e-05,0.11321876917717616,0.05714471448837812,0.007394046635011369,0.0008030032139533661,3.345707320334012e-08,0.0004015183355132847,0.032051909585873034,0.05493654765695767,0.0001338617498865638,0.023587270065427983,0.0007360890675466859,3.345707320334012e-08,0.06022276522308541,0.026498035434118574,0.08424494378308361,0.004048339314677358,0.0004349754087166248,0.015724857862643056,3.345707320334012e-08,0.056910514975954736,0.00010040467668322368,0.0028104276061537733,0.0018067154100535694,0.02275084323534448,0.09659060379511612,0.0001338617498865638,0.0003680612623099446,0.0001338617498865638,0.0006357178479366656,3.345707320334012e-08,0.0016059729708335288,0.006724905170944566
VBG,6.735800225864853e-08,0.006668509581608463,0.0021555234302790115,0.0004715733738127984,0.00040421537155414984,0.012057149762300346,6.735800225864853e-08,0.016233345902336556,0.002020807425761715,0.009228113667437107,0.016704851918147093,0.1872553136370452,0.0002694993670368528,6.735800225864853e-08,0.14185602011471607,0.07294878380411862,0.00862189164710927,0.0006736473805887439,6.735800225864853e-08,0.0006062893783300954,0.12414086552069149,0.03987600469512219,0.0007410053828473924,0.08871055633264237,0.0011451533963992837,6.742536026090716e-05,0.02418159016885708,0.03064795838568734,0.03785526462736273,0.004782485518366304,6.742536026090716e-05,0.026673836252427075,6.742536026090716e-05,0.09531164055398993,0.00020214136477820423,0.0010104373918819866,0.003098535461900091,0.004513053509331711,0.026269688238875183,0.0006062893783300954,0.002088165428020363,0.00020214136477820423,0.0022902394347963087,6.735800225864853e-08,0.0018187334189857692,0.00545606554095279
VBN,4.998989714666057e-05,0.005992844802693722,0.0019477082703465624,0.0004495095546624294,0.0008989691693676694,0.03266078194187129,4.9939957189471105e-08,0.04964036738629146,0.003595726857599109,0.013883358038630155,0.011586120007914485,0.06846773124672206,9.992985433613168e-05,4.9939957189471105e-08,0.36610987609596984,0.043747452437933876,0.0032960871144622826,0.0001998097687150739,4.9939957189471105e-08,0.0011486689553150248,0.0651217541150275,0.02626846742161899,0.0001998097687150739,0.037904477446765755,0.000749149297799256,0.00014986981152560278,0.009438701848767227,0.009388761891577757,0.04859162828531257,0.0033460270716517537,0.000249749725904545,0.021424291574240292,4.9939957189471105e-08,0.1069714382398043,4.9939957189471105e-08,0.000749149297799256,0.002197408056293918,0.02052537234482981,0.031911682584029225,0.0012485488696939672,0.001698008484399207,0.0002996896830940161,0.0006492693834203138,4.9939957189471105e-08,0.002047588184725505,0.004894165744525358
VBP,8.00573466785728e-08,0.0026419724977395807,0.00040036679073954256,0.00040036679073954256,0.00032030944406096976,0.019934359380311305,8.00573466785728e-08,0.019133785913525575,0.002962201884453872,0.004403234124668182,0.009046560232025404,0.1179245517148844,0.0019214563776324258,8.013740402525136e-05,0.09134551261759824,0.08630189977684814,0.007925757378525385,0.0006405388307752608,8.00573466785728e-08,0.0016012269909181345,0.03018169975516862,0.017612696326632694,0.00032030944406096976,0.033864337702382966,0.0006405388307752608,0.00016019475070382414,0.0364261727960973,0.01064770716559686,0.16571878768199239,0.0052038075914539106,0.0008807108708109792,0.008886445538668259,8.00573466785728e-08,0.05139689662499041,8.00573466785728e-08,0.0031223165778110173,0.003682718004561027,0.08718253059031245,0.1637974113617066,0.0010408255641681248,0.002882144537775299,0.00024025209738239695,0.0020815710709895714,8.013740402525136e-05,0.0024018004577038626,0.0044832914713467545
VBZ,4.6188532453281056e-05,0.004199003638142887,0.00013847331257971676,0.00032304287283258816,0.00023075809270615248,0.025609072627475967,4.614239006321785e-08,0.031007732264872453,0.0041528612480796695,0.002768589546183134,0.02062569450064844,0.16274425589535943,0.0007383243834015488,4.6188532453281056e-05,0.08960856764515912,0.07516599955537194,0.007844252453137097,0.0006460396032751131,4.614239006321785e-08,0.0008306091635279845,0.0347452658599931,0.06003129561463648,0.00032304287283258816,0.01633445222476918,0.0005537548231486773,4.614239006321785e-08,0.02404023136532656,0.01204320994888992,0.1345512555667333,0.00392214929776358,0.0009228939436544202,0.007290543772378483,4.614239006321785e-08,0.049879969800728556,4.6188532453281056e-05,0.0032300134468153125,0.002722447156119916,0.05869316630280316,0.14751726717449754,0.00023075809270615248,0.0009228939436544202,0.00036918526289580594,0.001891884134981995,4.614239006321785e-08,0.0038298645176371446,0.009136239374907196
WDT,2.3288059792559276e-07,0.0006988746743747039,2.3288059792559276e-07,0.00023311347852351833,2.3288059792559276e-07,0.006055128426663338,2.3288059792559276e-07,2.3288059792559276e-07,0.00023311347852351833,0.0004659940764491111,0.005123606034960967,0.028178785229594654,0.001630397066077075,2.3288059792559276e-07,0.008616815003844858,0.008383934405919264,0.0004659940764491111,0.0004659940764491111,2.3288059792559276e-07,0.1355367408732929,0.016767635931240605,0.02142524788975246,0.00023311347852351833,0.0170005165291662,2.3288059792559276e-07,0.00023311347852351833,0.035165203167362435,0.001630397066077075,0.046343471867790885,2.3288059792559276e-07,2.3288059792559276e-07,2.3288059792559276e-07,2.3288059792559276e-07,0.0009317552723002967,2.3288059792559276e-07,0.0013975164681514823,0.229853383033158,2.3288059792559276e-07,0.0009317552723002967,0.14112587522350714,0.2904023384938121,2.3288059792559276e-07,2.3288059792559276e-07,2.3288059792559276e-07,2.3288059792559276e-07,0.0004659940764491111
WP,4.231826210746638e-07,4.231826210746638e-07,4.231826210746638e-07,0.00042360580369573845,0.0012699710458450662,0.00719452774089036,4.231826210746638e-07,0.0016931536669197301,4.231826210746638e-07,4.231826210746638e-07,0.0012699710458450662,0.04443459839546078,4.231826210746638e-07,4.231826210746638e-07,0.016927728025607627,0.00507861463551704,0.00042360580369573845,0.0008467884247704022,4.231826210746638e-07,0.0651705468281193,0.012272719193786327,0.018620458509906283,4.231826210746638e-07,0.008887258225189015,4.231826210746638e-07,4.231826210746638e-07,0.08971513885044981,0.00507861463551704,0.044857781016535446,0.0008467884247704022,4.231826210746638e-07,4.231826210746638e-07,4.231826210746638e-07,0.006771345119815696,4.231826210746638e-07,0.004655432014442376,0.27295321377577925,4.231826210746638e-07,0.0008467884247704022,0.16165618443314264,0.22682630807864088,0.00042360580369573845,4.231826210746638e-07,4.231826210746638e-07,4.231826210746638e-07,0.0008467884247704022
WP$,5.9507515799245446e-06,0.023808957071278107,5.9507515799245446e-06,5.9507515799245446e-06,5.9507515799245446e-06,5.9507515799245446e-06,5.9507515799245446e-06,5.9507515799245446e-06,5.9507515799245446e-06,5.9507515799245446e-06,0.011907453911429014,5.9507515799245446e-06,5.9507515799245446e-06,5.9507515799245446e-06,5.9507515799245446e-06,0.19638075288908988,0.005956702331504468,0.005956702331504468,5.9507515799245446e-06,5.9507515799245446e-06,0.36300179712697717,0.06546421813074992,5.9507515799245446e-06,0.2975435297478071,5.9507515799245446e-06,5.9507515799245446e-06,5.9507515799245446e-06,5.9507515799245446e-06,0.005956702331504468,5.9507515799245446e-06,5.9507515799245446e-06,5.9507515799245446e-06,5.9507515799245446e-06,5.9507515799245446e-06,5.9507515799245446e-06,5.9507515799245446e-06,5.9507515799245446e-06,0.011907453911429014,0.005956702331504468,5.9507515799245446e-06,5.9507515799245446e-06,5.9507515799245446e-06,5.9507515799245446e-06,5.9507515799245446e-06,5.9507515799245446e-06,0.005956702331504468
WRB,4.6662554140228444e-07,0.0004670921669436867,4.6662554140228444e-07,0.0004670921669436867,0.0004670921669436867,0.012599356243403083,4.6662554140228444e-07,0.0032668454153573934,4.6662554140228444e-07,0.004200096498161962,0.006533224205173384,0.245445501403143,0.010732854077793945,4.6662554140228444e-07,0.008866351912184807,0.09565870261300971,0.0014003432497482556,0.0018669687911505401,4.6662554140228444e-07,0.012132730702000799,0.05552890605241326,0.10265808573404399,0.0014003432497482556,0.07652705541551605,0.0018669687911505401,4.6662554140228444e-07,0.22258084987443108,0.024731620319862476,0.039663637644735586,4.6662554140228444e-07,4.6662554140228444e-07,4.6662554140228444e-07,4.6662554140228444e-07,0.027531373568276184,4.6662554140228444e-07,0.0018669687911505401,0.0060665986637711,0.010732854077793945,0.008399726370782522,0.005133347580966531,0.007933100829380238,0.0004670921669436867,0.0004670921669436867,4.6662554140228444e-07,0.0004670921669436867,0.0018669687911505401
``,1.4100303353926355e-07,0.0001411440365728028,1.4100303353926355e-07,0.0002821470701120664,1.4100303353926355e-07,1.4100303353926355e-07,1.4100303353926355e-07,1.4100303353926355e-07,0.00042315010365132994,0.018330535363137803,0.008460323015389352,0.1429772170118468,0.020304577832687493,0.003102207740897338,0.06415652126339845,0.11449460423691554,0.003666219875054392,0.0038072229085936555,1.4100303353926355e-07,0.012549410988027997,0.0844609580930524,0.07402673361114691,0.001974183472583229,0.036519926689702796,0.0008461592042691207,1.4100303353926355e-07,0.21531177321748898,0.011562389753253152,0.049492205775315046,0.001974183472583229,1.4100303353926355e-07,1.4100303353926355e-07,1.4100303353926355e-07,0.005358256277525554,0.0038072229085936555,0.026367708274875824,0.012126401887410206,0.015369471658813267,0.010575368518478307,0.011562389753253152,0.020445580866226755,0.0018331804390439655,0.009729350317242725,1.4100303353926355e-07,0.011280383686174624,0.00042315010365132994
